{
  "minecraft:entity": {
    "format_version": 0.1,

    "components": {
    
      "minecraft:identifier": {
        "id": "minecraft:ghast"
      },
      "minecraft:breathable": {
        "totalSupply": 15,
        "suffocateTime": 0
      },      
      "minecraft:fire_immune": true,
	    "minecraft:nameable": {
	    },
      "minecraft:health": {
        "value": 10,
        "max": 10
      },
      "minecraft:collision_box": {
        "width": 4,
        "height": 4
      },
      "minecraft:loot": {
        "table": "loot_tables/entities/ghast.json"
      },
       "minecraft:shooter": {
        "type": "largefireball",
        "def": "minecraft:fireball.large"
      },
      "minecraft:type_family": {
        "family":["ghast", "monster"]          
      },
     "minecraft:fall_damage": {
       "value": 0.0
      },
      "minecraft:behavior.ranged_attack": {
        "attack_radius": 64,
        "charge_shoot_trigger": 2,
        "charge_charged_trigger": 1
      },
       "minecraft:follow_range": {
        "value": 64,
        "max": 64
      },
      "minecraft:behavior.hurt_by_target": {
        "priority": 1
      },
      "minecraft:behavior.nearest_attackable_target": {
        "priority": 2,
        "entity_types": [
          {
            "filters": { "other_with_families": "player" },
            "max_dist": 64
          }
        ],
        "must_see": true
      }
    }
  }
}
